# http://finance.yahoo.com/quote/GOOG/history?ltr=1,,,,,
# Open,High,Low,Volume,Close,MACD
828.659973,833.450012,828.349976,1247700,831.659973,582.1619811
823.02002,828.070007,821.655029,1597800,828.070007,579.6490049
819.929993,824.400024,818.97998,1281700,824.159973,576.9119811
819.359985,823,818.469971,1304000,818.97998,573.285986
819,823,816,1053600,820.450012,574.3150084
816,820.958984,815.48999,1198100,819.23999,573.467993
811.700012,815.25,809.780029,1129100,813.669983,569.5689881
809.51001,810.659973,804.539978,989700,809.559998,566.6919986
807,811.840027,803.190002,1155300,808.380005,565.8660035
803.98999,810.5,801.780029,1235200,806.969971,564.8789797
799.700012,801.669983,795.25,1174200,801.340027,560.9380189
802.98999,806,800.369995,1460400,801.48999,561.042993
793.799988,802.700012,792,1525800,798.530029,558.9710203
799.679993,801.190002,791.190002,2023300,795.695007,556.9865049
796.859985,801.25,790.52002,2143500,796.789978,557.7529846
814.659973,815.840027,799.799988,3228900,802.320007,561.6240049
834.710022,841.950012,820.440002,2951800,823.309998,576.3169986
837.809998,838,827.01001,2734400,832.150024,582.5050168
829.619995,835.77002,825.059998,1494500,835.669983,584.9689881
822.299988,825.900024,817.820984,1461000,823.869995,576.7089965
807.25,820.869995,803.73999,1901600,819.309998,573.5169986
806.909973,806.909973,801.690002,1645000,805.02002,563.514014
805.119995,809.47998,801.799988,912000,802.174988,561.5224916
805.809998,806.205017,800.98999,1293300,806.070007,564.2490049
807.080017,807.140015,800.369995,1355800,804.609985,563.2269895
807.47998,811.223999,806.690002,1090100,807.880005,565.5160035
807.140015,807.390015,799.169983,1351000,806.359985,564.4519895
805,808.150024,801.369995,1057900,807.909973,565.5369811
807.859985,809.130005,803.51001,1174300,804.789978,563.3529846
806.400024,809.966003,802.830017,1272400,806.650024,564.6550168
795.26001,807.900024,792.203979,1620500,806.150024,564.3050168
786.080017,794.47998,785.02002,1315400,794.02002,555.814014
788.359985,791.340027,783.159973,1065400,786.900024,550.8300168
778.809998,789.630005,775.799988,1643100,786.140015,550.2980105
782.75,782.780029,770.409973,1760200,771.820007,540.2740049
783.330017,785.929993,778.919983,742200,782.789978,547.9529846
793.700012,794.22998,783.200012,1132700,785.049988,549.5349916
790.679993,797.859985,787.656982,789100,791.549988,554.0849916
790.900024,792.73999,787.280029,623400,789.909973,552.9369811
792.359985,793.320007,788.580017,969100,791.26001,553.882007
795.840027,796.676025,787.099976,1208700,794.559998,556.1919986
796.76001,798.650024,793.27002,925100,796.419983,557.4939881
790.219971,797.659973,786.27002,1225900,794.200012,555.9400084
800.400024,800.856018,790.289978,2428300,790.799988,553.5599916
797.340027,803,792.919983,1623700,797.849976,558.4949832
797.400024,804,794.01001,1664500,797.070007,557.9490049
793.900024,804.380005,793.340027,2119800,796.099976,557.2699832
785.039978,791.25,784.35498,2097100,789.27002,552.489014
780,789.429993,779.020996,1780500,789.289978,552.5029846
772.47998,778.179993,767.22998,1448200,776.419983,543.4939881
761,771.359985,755.799988,1750800,771.190002,539.8330014
764.72998,768.830017,757.340027,1632800,759.109985,531.3769895
757.710022,763.900024,752.900024,1382900,762.52002,533.764014
744.590027,754,743.099976,1448700,750.5,525.35
757.440002,759.849976,737.025024,2996900,747.919983,523.5439881
770.070007,772.98999,754.830017,2365800,758.039978,530.6279846
771.530029,778.5,768.23999,1604500,770.840027,539.5880189
760,779.530029,759.799988,2172200,768.23999,537.767993
764.26001,765,760.52002,586000,761.679993,533.1759951
767.72998,768.28302,755.25,1477400,760.98999,532.692993
772.630005,776.960022,767,1591800,768.27002,537.789014
762.609985,769.700012,760.599976,1323000,769.200012,538.4400084
771.369995,775,760,1526200,760.539978,532.3779846
766.919983,772.700012,764.22998,1287000,771.22998,539.860986
755.200012,766.359985,750.51001,1465200,764.47998,535.135986
746.969971,764.416016,746.969971,2341200,758.48999,530.942993
755.599976,757.849976,727.539978,3631700,736.080017,515.2560119
756.539978,760.780029,750.380005,2394000,754.02002,527.814014
791.169983,791.169983,752.179993,4740100,762.559998,533.7919986
779.940002,791.22699,771.669983,2602700,785.309998,549.7169986
783.400024,795.632996,780.190002,1350800,790.51001,553.357007
774.5,785.190002,772.549988,1585100,782.52002,547.764014
750.659973,770.359985,750.560974,2134800,762.02002,533.414014
767.25,769.950012,759.030029,1943200,762.130005,533.4910035
778.200012,781.650024,763.450012,1872400,768.700012,538.0900084
782.890015,789.48999,775.539978,2406400,783.609985,548.5269895
795.469971,796.859985,784,2427300,784.539978,549.1779846
808.349976,815.48999,793.590027,4269900,795.369995,556.7589965
801,803.48999,791.5,2749200,795.349976,556.7449832
806.340027,806.97998,796.320007,1647700,799.070007,559.3490049
816.679993,816.679993,805.140015,1576400,807.669983,565.3689881
804.900024,815.179993,804.820007,1697500,813.109985,569.1769895
795,799.5,794,1266200,799.369995,559.5589965
803.299988,803.969971,796.030029,1757500,796.969971,557.8789797
798.23999,804.599976,798.030029,1766800,801.5,561.05
787.849976,801.609985,785.565002,2056900,795.26001,556.682007
779.799988,785.849976,777.5,1093000,779.960022,545.9720154
781.650024,783.950012,776,852500,778.530029,544.9710203
781.219971,781.219971,773,1365300,778.190002,544.7330014
783.76001,788.130005,782.059998,937400,786.140015,550.2980105
786.659973,792.280029,780.580017,1372500,783.070007,548.1490049
777.710022,789.380005,775.869995,1174900,785.940002,550.1580014
779.659973,779.659973,770.75,933200,775.080017,542.5560119
779,780.47998,775.539978,1070700,776.859985,543.8019895
779.309998,782.070007,775.650024,1461200,776.469971,543.5289797
776.030029,778.710022,772.890015,1201400,776.429993,543.5009951
774.25,776.065002,769.5,1278800,772.559998,540.7919986
776.330017,780.940002,774.090027,1585300,777.289978,544.1029846
781.440002,785.799988,774.231995,1314700,775.01001,542.507007
777.849976,781.809998,774.969971,1109800,781.559998,547.0919986
775.5,785.98999,774.307983,1153200,783.01001,548.107007
782.73999,782.73999,773.070007,1533200,774.210022,541.9470154
786.590027,788.929993,784.150024,1411900,786.900024,550.8300168
780,789.849976,778.440002,1486200,787.210022,551.0470154
772.659973,777.159973,768.301025,1167800,776.219971,543.3539797
769,773.330017,768.530029,978600,771.409973,539.9869811
772.419983,774,764.440979,1172800,765.700012,535.9900084
769.75,769.75,764.659973,2049300,768.880005,538.2160035
762.890015,773.799988,759.960022,1305100,771.76001,540.232007
759.609985,767.679993,759.109985,1087400,762.48999,533.742993
764.47998,766.219971,755.799988,1395000,759.690002,531.7830014
755.130005,770.289978,754,1311000,769.02002,538.314014
770.099976,773.244995,759.659973,1885500,759.659973,531.7619811
778.590027,780.349976,773.580017,1270300,775.320007,542.7240049
780,782.72998,776.200012,893700,780.349976,546.2449832
773.450012,782,771,1442800,780.080017,546.0560119
773.01001,773.919983,768.409973,1072700,771.460022,540.0220154
769.25,771.02002,764.299988,925100,768.780029,538.1460203
767.01001,769.090027,765.380005,1248600,767.049988,536.9349916
769.330017,774.466003,766.840027,1130000,769.090027,538.3630189
768.73999,774.98999,766.61499,847600,772.150024,540.5050168
769,776.080017,765.849976,1166700,769.539978,538.6779846
767,771.890015,763.184998,926900,769.409973,538.5869811
770.580017,774.5,767.070007,1072000,769.640015,538.7480105
775.47998,776.440002,771.784973,928200,772.080017,540.4560119
773.27002,774.539978,770.049988,951400,772.150024,540.5050168
775,777.099976,773.130005,861500,775.419983,542.7939881
780.01001,782.859985,777,719400,777.5,544.25
777.320007,780.809998,773.530029,924200,779.909973,545.9369811
780.299988,780.97998,773.44397,1028000,777.140015,543.9980105
783.75,787.48999,780.109985,938200,782.440002,547.7080014
781.5,783.39502,780.400024,740500,783.219971,548.2539797
785,789.75,782.969971,975100,784.849976,549.3949832
783.75,786.812012,782.778015,786400,784.679993,549.2759951
781.099976,788.940002,780.570007,1318900,784.26001,548.982007
782,782.630005,778.091003,1107900,781.76001,547.232007
773.780029,783.039978,772.340027,1801200,782.219971,547.5539797
772.219971,774.070007,768.794983,1140300,771.609985,540.1269895
767.179993,773.210022,766.820007,1287400,773.179993,541.2259951
768.690002,775.840027,767.849976,1784500,771.070007,539.7490049
761.090027,780.429993,761.090027,2700500,772.880005,541.0160035
772.710022,778.549988,766.77002,3841500,768.789978,538.1529846
747.039978,748.650024,739.299988,3530200,745.909973,522.1369811
738.280029,744.460022,737,1512500,741.77002,519.239014
739.039978,741.690002,734.27002,1186700,738.419983,516.8939881
740.669983,742.609985,737.5,1032400,739.77002,517.839014
741.859985,743.23999,736.559998,1259800,742.73999,519.917993
740.359985,741.690002,735.830994,1026300,738.630005,517.0410035
737.330017,742.130005,737.099976,1289700,741.190002,518.8330014
729.890015,736.98999,729,1227500,736.960022,515.8720154
722.710022,736.130005,721.190002,1295500,733.780029,513.6460203
725.72998,725.73999,719.054993,1279300,719.849976,503.8949832
721.580017,722.210022,718.030029,950200,720.950012,504.6650084
723.619995,724,716.849976,935900,716.97998,501.885986
719.119995,722.940002,715.909973,1336900,720.640015,504.4480105
708.049988,716.51001,707.23999,1111800,715.090027,500.5630189
699.5,705.710022,696.434998,1575200,705.630005,493.9410035
698.080017,698.200012,688.215027,1304200,695.359985,486.7519895
689.97998,701.679993,689.090027,1411900,697.77002,488.439014
696.059998,696.940002,688.880005,1462600,694.950012,486.4650084
692.200012,700.650024,692.130005,1344700,699.210022,489.4470154
685.469971,692.320007,683.650024,1597700,692.099976,484.4699832
683,687.429016,681.409973,1932600,684.109985,478.8769895
678.969971,680.330017,673,2173800,680.039978,476.0279846
671,672.299988,663.283997,2629000,668.26001,467.782007
675.169983,689.400024,673.450012,4449000,675.219971,472.6539797
697.450012,701.950012,687,2171400,701.869995,491.3089965
699.059998,700.859985,693.08197,1184300,697.460022,488.2220154
698.400024,702.77002,692.01001,1465600,695.940002,487.1580014
698.77002,702.47998,693.409973,2082500,693.710022,485.5970154
708.650024,708.820007,688.452026,3402400,691.719971,484.2039797
714.909973,716.650024,703.26001,1982500,710.359985,497.2519895
719,722.97998,717.309998,1214500,718.919983,503.2439881
716.47998,722.469971,713.119995,1306100,718.27002,502.789014
716.51001,725.440002,716.51001,1258900,718.359985,502.8519895
719.469971,725.890015,716.429993,1216400,719.409973,503.5869811
722.869995,729.539978,722.335999,988900,728.580017,510.0060119
723.960022,728.570007,720.580017,1583700,728.280029,509.7960203
719.840027,721.97998,716.549988,1336200,716.650024,501.6550168
724.909973,724.909973,714.609985,1565300,716.549988,501.5849916
729.27002,729.48999,720.559998,1226300,722.340027,505.6380189
732.5,733.02002,724.169983,1341800,730.400024,511.2800168
734.530029,737.210022,730.659973,1253600,734.150024,513.9050168
731.73999,739.72998,731.26001,2129500,735.719971,515.0039797
724.01001,733.935974,724,1974000,732.659973,512.8619811
722.869995,728.330017,720.280029,1576300,724.119995,506.8839965
720.76001,727.51001,719.705017,1629200,725.27002,507.689014
706.859985,720.969971,706.859985,1929500,720.090027,504.0630189
706.530029,711.478027,704.179993,1330700,704.23999,492.967993
701.619995,714.580017,700.52002,1828400,709.73999,496.817993
702.359985,706,696.799988,1670200,700.320007,490.2240049
703.669983,711.599976,700.630005,1766800,706.630005,494.6410035
715.98999,721.52002,704.109985,2001200,706.22998,494.360986
709.130005,718.47998,705.650024,1317100,716.48999,501.542993
711.929993,716.661987,709.26001,1314500,710.830017,497.5810119
717.059998,719.25,709,1360700,713.309998,499.3169986
723.409973,724.47998,712.799988,1692100,715.289978,500.7029846
716.75,723.5,715.719971,1569600,723.179993,506.2259951
712,718.710022,710,1510300,712.900024,499.0300168
698.380005,711.859985,698.106995,1826100,711.119995,497.7839965
697.700012,702.320007,695.719971,1683500,701.429993,491.0009951
690.48999,699.75,689.01001,1693500,695.700012,486.9900084
696.869995,697.840027,692,1543800,692.359985,484.6519895
697.630005,700.640015,691,1645300,698.210022,488.7470154
690.700012,697.619995,689,2487700,693.01001,485.107007
708.26001,714.169983,689.549988,2867300,691.02002,483.714014
707.289978,708.97998,692.36499,3098600,705.840027,494.0880189
725.419983,725.765991,703.026001,2744600,708.140015,495.6980105
716.099976,723.929993,715.590027,1959200,723.150024,506.2050168
726.299988,736.119995,713.609985,5951900,718.77002,503.139014
755.380005,760.450012,749.549988,3060500,759.140015,531.3980105
758,758.132019,750.01001,1529200,752.669983,526.8689881
769.51001,769.900024,749.330017,2030500,753.929993,527.7509951
760.460022,768.049988,757.299988,1556000,766.609985,536.6269895
753.97998,761,752.69397,1809300,759,531.3
754.01001,757.309998,752.705017,1135300,753.200012,527.2400084
749.159973,754.380005,744.260986,1707100,751.719971,526.2039797
738,743.830017,731.01001,1353000,743.090027,520.1630189
743.02002,745,736.049988,1220100,736.099976,515.2699832
743.969971,745.450012,735.549988,1290800,739.150024,517.4050168
745.369995,747,736.280029,1453200,740.280029,518.1960203
735.77002,746.23999,735.559998,1053700,745.690002,521.9830014
738,742.799988,735.369995,1132300,737.799988,516.4599916
750.059998,752.799988,742.429993,1134200,745.289978,521.7029846
738.599976,750.340027,737,1576700,749.909973,524.9369811
749.25,750.849976,740.940002,1718800,744.950012,521.4650084
750.099976,757.880005,748.73999,1782400,750.530029,525.3710203
734.590027,747.25,728.76001,1903800,744.77002,521.339014
736.789978,738.98999,732.5,1301300,733.530029,513.4710203
732.01001,737.747009,731,1594900,735.299988,514.7099916
742.359985,745.719971,736.150024,1432100,738.059998,516.6419986
737.460022,745,737.460022,1269700,740.75,518.525
736.5,742.5,733.515991,1836500,742.090027,519.4630189
741.859985,742,731.830017,2980700,737.599976,516.3199832
736.450012,743.070007,736,1860800,737.780029,516.4460203
726.369995,737.469971,724.51001,1624400,736.090027,515.2630189
726.919983,732.289978,724.77002,1721000,728.330017,509.8310119
726.809998,735.5,725.150024,1718300,730.48999,511.342993
720,726.919983,717.125,1970800,726.820007,508.7740049
708.119995,716.440002,703.359985,2833500,712.820007,498.9740049
698.469971,705.679993,694,1421500,705.23999,493.667993
688.590027,703.789978,685.340027,2076300,693.969971,485.7789797
706.900024,708.091003,686.900024,2985100,695.159973,486.6119811
714.98999,716.48999,706.02002,1972100,710.890015,497.6230105
718.679993,719.450012,706.02002,1958000,712.419983,498.6939881
719,720,712,1629000,718.849976,503.1949832
703.619995,718.809998,699.77002,2151400,718.809998,503.1669986
700.320007,710.890015,697.679993,2481100,697.77002,488.439014
708.580017,713.429993,700.859985,2243500,705.070007,493.5490049
700.01001,705.97998,690.585022,1642200,705.75,494.025
688.919983,700,680.780029,1963600,699.559998,489.6919986
701.450012,708.400024,693.580017,2009300,695.849976,487.0949832
707.450012,713.23999,702.51001,1949800,706.460022,494.5220154
695.030029,703.080994,694.049988,1589300,700.909973,490.6369811
710,712.349976,696.030029,1883200,697.349976,488.1449832
698.090027,709.75,691.380005,2492600,708.400024,495.8800168
692.97998,698,685.049988,2520000,691,483.7
690.26001,693.75,678.599976,2141400,682.400024,477.6800168
675,689.349976,668.867981,3024000,683.109985,478.1769895
686.859985,701.309998,682.130005,2638000,684.119995,478.8839965
672.320007,699.900024,668.77002,3608900,678.109985,474.6769895
667.849976,684.030029,663.059998,4247400,682.73999,477.917993
703.869995,703.98999,680.150024,5105700,683.570007,478.4990049
722.809998,727,701.859985,5168700,708.01001,495.607007
770.219971,774.5,720.5,6171000,726.950012,508.8650084
784.5,789.869995,764.650024,6348100,764.650024,535.2550168
750.460022,757.859985,743.27002,5139200,752,526.4
731.530029,744.98999,726.799988,3474300,742.950012,520.0650084
722.219971,733.690002,712.349976,2676400,730.960022,511.6720154
713.669983,718.234985,694.390015,2194200,699.98999,489.992993
713.849976,718.280029,706.47998,1331700,713.039978,499.1279846
723.580017,729.679993,710.01001,1711700,711.669983,498.1689881
723.599976,728.130005,720.120972,2011800,725.25,507.675
702.179993,719.190002,694.460022,2412200,706.590027,494.6130189
688.609985,706.849976,673.26001,3445000,698.450012,488.9150084
703.299988,709.97998,693.409973,2268100,701.789978,491.2529846
692.289978,706.73999,685.369995,3592400,694.450012,486.1150084
705.380005,721.924988,689.099976,2225800,714.719971,500.3039797
730.849976,734.73999,698.609985,2501700,700.559998,490.3919986
721.679993,728.75,717.317017,2024500,726.070007,508.2490049
716.609985,718.85498,703.539978,2090600,716.030029,501.2210203
731.450012,733.22998,713,2450900,714.469971,500.1289797
730.309998,738.5,719.059998,2963700,726.390015,508.4730105
730,747.179993,728.919983,1947000,743.619995,520.5339965
746.450012,752,738.640015,1950700,742.580017,519.8060119
743,744.059998,731.257996,3272800,741.840027,519.2880189
769.5,769.5,758.340027,1489600,758.880005,531.2160035
776.599976,777.599976,766.900024,1293300,771,539.7
766.690002,779.97998,766.429993,1765000,776.599976,543.6199832
752.919983,762.98999,749.52002,1515300,762.51001,533.757007
749.549988,751.349976,746.619995,527200,748.400024,523.8800168
753.469971,754.210022,744,1565900,750.309998,525.2169986
751.650024,754.849976,745.530029,1365400,750,525
746.130005,750,740,1525700,747.77002,523.439014
746.51001,754.130005,738.150024,3148700,739.309998,517.5169986
762.419983,762.679993,749,1553400,749.429993,524.6009951
750,760.590027,739.434998,1993300,758.090027,530.6630189
753,758.080017,743.01001,2666200,743.400024,520.3800168
741.789978,748.72998,724.169983,2412500,747.77002,523.439014
741.159973,745.710022,736.75,2224400,738.869995,517.2089965
752.849976,755.849976,743.830017,1984900,749.460022,524.6220154
759.169983,764.22998,737.000977,2700000,751.609985,526.1269895
757.890015,764.799988,754.200012,1829500,762.369995,533.6589965
767.77002,768.72998,755.090027,1812300,763.25,534.275
753.099976,768.48999,750,2757300,766.809998,536.7669986
766.01001,768.994995,745.630005,2590600,752.539978,526.7779846
768.900024,775.955017,758.960022,2230400,762.380005,533.6660035
747.109985,768.950012,746.700012,2134600,767.039978,536.9279846
748.809998,754.929993,741.27002,2097600,742.599976,519.8199832
748.460022,753.409973,747.48999,838500,750.26001,525.182007
748.140015,752,746.059998,1122100,748.150024,523.7050168
752,755.278992,737.630005,2333100,748.280029,523.7960203
757.450012,762.708008,751.820007,1414500,755.97998,529.185986
746.530029,757.919983,743,2212300,756.599976,529.6199832
738.73999,742,737.429993,1327100,738.409973,516.8869811
727.580017,741.409973,727,1684300,740,518
729.289978,731.844971,723.026978,1510900,725.299988,507.7099916
715.599976,729.48999,711.330017,1905900,728.960022,510.2720154
729.169983,731.150024,716.72998,2075500,717,501.9
731,737.799988,728.64502,1837200,731.22998,511.860986
732.460022,741,730.22998,1366400,735.400024,514.7800168
724.400024,730.590027,718.5,1608000,728.320007,509.8240049
730.200012,734.710022,719.429993,2069800,724.890015,507.4230105
731.5,735.409973,727.01001,1511600,733.76001,513.632007
729.469971,739.47998,729.469971,1861600,731.25,511.875
722,733.099976,721.900024,1706700,728.109985,509.6769895
718.859985,724.650024,714.719971,1565400,722.159973,505.5119811
711.059998,721.619995,705.849976,1886300,721.109985,504.7769895
715.72998,718,710.049988,1908800,710.809998,497.5669986
710.5,718.26001,710.01001,1456000,716.919983,501.8439881
707.330017,712.97998,703.080017,2178900,712.950012,499.0650084
707.380005,713.619995,704.549988,2245800,708.48999,495.942993
701.549988,719.150024,701.26001,2716600,712.780029,498.9460203
727.5,730,701.5,6653900,702,491.4
646.700012,657.799988,644.01001,4071000,651.789978,456.2529846
654.150024,655.869995,641.72998,1791100,642.609985,449.8269895
664.039978,664.719971,644.195007,2490000,650.280029,455.1960203
661.179993,666.820007,659.580017,1477300,666.099976,466.2699832
664.109985,664.969971,657.200012,1611100,662.200012,463.5400084
654.659973,663.130005,654.460022,1885700,661.73999,463.217993
653.210022,659.390015,648.849976,1415500,651.159973,455.8119811
643.150024,657.812012,643.150024,1807700,652.299988,456.6099916
642.090027,648.5,639.01001,1275200,646.669983,452.6689881
640,645.98999,635.317993,1648700,643.609985,450.5269895
641.359985,644.450012,625.559998,2182100,639.159973,447.4119811
649.23999,650.609009,632.150024,2092700,642.359985,449.6519895
638.840027,649.25,636.530029,2166300,645.440002,451.8080014
632,643.01001,627,1803600,641.469971,449.0289797
607.200012,627.340027,603.130005,2684800,626.909973,438.8369811
608.369995,612.090027,599.849976,1867600,611.289978,427.9029846
603.280029,608.76001,600.72998,2413400,608.419983,425.8939881
597.280029,605,590.219971,2309500,594.969971,416.4789797
610.340027,614.60498,589.380005,3127700,594.890015,416.4230105
629.77002,629.77002,611,2174000,611.969971,428.3789797
616.640015,627.320007,612.400024,2240100,625.799988,438.0599916
622.049988,628.929993,620,1470900,622.359985,435.6519895
627,627.549988,615.429993,2562900,622.690002,435.8830014
634.400024,636.48999,625.940002,1788500,635.440002,444.8080014
636.789978,640,627.02002,5133400,629.25,440.475
637.789978,650.900024,635.02002,2274700,642.900024,450.0300168
635.469971,637.950012,632.320007,1286500,635.97998,445.185986
626.700012,638.700012,623.780029,2084400,635.140015,444.5980105
625.700012,625.859985,619.429993,1702300,623.23999,436.267993
619.75,625.780029,617.419983,1373500,625.77002,438.039014
613.099976,624.159973,611.429993,1905300,621.349976,434.9449832
621.219971,626.52002,609.599976,1702100,612.719971,428.9039797
612.48999,616.309998,604.119995,2279500,614.659973,430.2619811
600,603.469971,595.25,2089000,600.700012,420.4900084
617,619.710022,602.820984,1759600,606.25,424.375
605.590027,614.340027,599.710022,2575600,614.340027,430.0380189
602.359985,612.859985,594.099976,3702100,597.789978,418.4529846
627.539978,635.799988,617.679993,2176700,618.25,432.775
632.820007,636.880005,624.559998,1978700,630.380005,441.2660035
639.400024,643.590027,622,3491300,637.609985,446.3269895
610.349976,631.710022,599.049988,4235900,628.619995,440.0339965
614.909973,617.450012,581.109985,3538000,582.059998,407.4419986
573,599.330017,565.049988,5770300,589.609985,412.7269895
639.780029,640.049988,612.330017,4265200,612.47998,428.735986
655.460022,662.98999,642.900024,2855300,646.830017,452.7810119
656.599976,667,654.190002,2131600,660.900024,462.6300168
661.900024,664,653.460022,1456100,656.130005,459.2910035
656.799988,661.380005,651.23999,1051700,660.869995,462.6089965
655.01001,659.85498,652.659973,1072100,657.119995,459.9839965
659.322021,664.5,651.661011,1810700,656.450012,459.5150084
663.080017,665,652.289978,2936700,659.559998,461.6919986
669.200012,674.900024,654.27002,5029200,660.780029,462.5460203
639.47998,643.440002,631.249023,1809200,633.72998,443.610986
640.22998,642.679993,629.710022,1403900,635.299988,444.7099916
645,645.379028,632.25,1572600,642.679993,449.8759951
634.330017,647.859985,633.159973,2334300,643.780029,450.6460203
628.419983,634.809998,627.159973,1490900,629.25,440.475
625.340027,633.05603,625.340027,1304500,631.210022,441.8470154
631.380005,632.909973,625.5,1706100,625.609985,437.9269895
630,635.219971,622.049988,1474200,632.590027,442.8130189
628.799988,633.359985,622.650024,1575100,631.929993,442.3509951
632.830017,632.830017,623.309998,1727300,628,439.6
621,634.299988,620.5,2675400,627.26001,439.082007
647,648.169983,622.52002,3625700,623.559998,436.4919986
661.27002,663.630005,641,3029100,644.280029,450.9960203
660.890015,678.640015,659,3929300,662.099976,463.4699832
655.210022,673,654.299988,3377200,662.299988,463.6099916
659.23999,668.880005,653.01001,5860900,663.02002,464.114014
649,674.468018,645,11164900,672.929993,471.0509951
565.119995,580.679993,565,4768300,579.849976,405.8949832
560.130005,566.502991,556.789978,1784600,560.219971,392.1539797
546.76001,565.848999,546.710022,3244100,561.099976,392.7699832
532.880005,547.109985,532.400024,2206500,546.549988,382.5849916
526.289978,532.559998,525.549988,1956700,530.130005,371.0910035
523.119995,523.77002,520.349976,1839400,520.679993,364.4759951
521.049988,522.734009,516.109985,1296700,516.830017,361.7810119
523.130005,526.179993,515.179993,1597200,525.02002,367.514014
519.5,525.25,519,1280500,522.859985,366.0019895
521.080017,524.650024,521.080017,1235900,523.400024,366.3800168
524.72998,525.690002,518.22998,1961000,521.840027,365.2880189
526.02002,526.25,520.5,2217200,520.51001,364.357007
525.01001,528.609985,520.539978,1937800,521.52002,365.064014
537.26001,537.76001,531.349976,2109100,531.690002,372.1830014
538.869995,540.900024,535.22998,1335700,535.22998,374.660986
540,540,535.659973,1286600,537.840027,376.4880189
539.640015,541.499023,535.25,1197500,540.47998,378.335986
539.590027,543.73999,537.530029,1250300,538.190002,376.7330014
537.210022,538.25,533.01001,1893500,536.690002,375.6830014
531,538.150024,530.789978,1833100,536.72998,375.710986
529.369995,530.97998,525.099976,1294200,529.26001,370.482007
528.400024,529.640015,525.559998,1071800,528.150024,369.7050168
528,528.299988,524,1632700,527.200012,369.0400084
531.599976,533.119995,530.159973,955800,532.330017,372.6310119
538.424988,538.97998,533.02002,1217500,534.609985,374.2269895
529.359985,538.359985,529.349976,1815000,536.690002,375.6830014
527.559998,529.200012,523.01001,1455300,526.690002,368.6830014
533.309998,534.119995,526.23999,1520600,526.830017,368.7810119
536.349976,537.200012,532.52002,1388200,533.330017,373.3310119
537.76001,540.590027,534.320007,1348300,536.700012,375.6900084
539.909973,543.5,537.109985,1714500,540.309998,378.2169986
532.929993,543,531.330017,1939000,539.179993,377.4259951
536.789978,536.789978,529.76001,1904300,533.98999,373.792993
537.369995,538.630005,531.450012,2597400,532.109985,372.4769895
538.01001,540.609985,536.25,1029800,539.780029,377.8460203
532.799988,540.549988,531.710022,1525000,539.789978,377.8529846
538.119995,539,529.880005,2406500,532.320007,372.6240049
540.150024,544.190002,539.51001,1176200,540.109985,378.0769895
537.950012,543.840027,535.97998,1462700,542.51001,379.757007
538.48999,542.919983,532.971985,1430800,539.27002,377.489014
533.97998,540.659973,533.039978,1966900,537.359985,376.1519895
532.01001,534.820007,528.849976,2003400,532.299988,372.6099916
539.179993,539.273987,530.380005,1971300,533.849976,373.6949832
533.77002,539,532.409973,1403900,538.400024,376.8800168
530.559998,534.322021,528.655029,1252300,529.619995,370.7339965
531.599976,533.208984,525.26001,1634200,529.039978,370.3279846
538.369995,541.97998,535.400024,905300,535.700012,374.9900084
536.650024,541.150024,525,1527600,538.219971,376.7539797
523.98999,533.460022,521.75,1546300,530.700012,371.4900084
531.23999,532.380005,521.085022,1567000,524.219971,366.9539797
538.210022,539.73999,530.390991,1383100,530.799988,371.5599916
538.530029,544.070007,535.059998,1308000,540.780029,378.5460203
538.429993,539.539978,532.099976,1768200,537.900024,376.5300168
547.869995,548.590027,535.049988,2082200,537.340027,376.1380189
550.469971,553.679993,546.905029,1698800,549.080017,384.3560119
554.640015,556.02002,550.366028,1491000,553.679993,387.5759951
563.390015,565.950012,553.200012,2398000,555.369995,388.7589965
566.102584,571.14259,557.252507,4932500,565.062561,395.5437927
541.002435,550.96249,540.23244,4184800,547.002472,382.9017304
534.402426,541.082428,531.752397,1593500,539.367458,377.5572206
537.512456,539.392429,533.677415,1844700,533.972413,373.7806891
525.602352,536.092424,524.50235,1679200,535.382408,374.7676856
528.662379,529.842373,521.012371,2151800,524.052386,366.8366702
529.902414,535.592396,529.612373,1299800,533.802391,373.6616737
528.702406,534.732432,523.22235,2318800,532.532429,372.7727003
536.252409,537.572435,528.094416,2604100,530.392405,371.2746835
538.412447,544.062463,537.312445,1645300,539.172466,377.4207262
542.292472,542.292472,537.312445,1409400,540.012416,378.0086912
541.032425,541.952428,535.492451,1557800,540.782472,378.5477304
538.382457,543.852476,538.382457,1178500,541.612446,379.1287122
538.08244,542.692434,536.002456,1302800,537.022404,375.9156828
532.222436,538.412447,529.572407,1324400,536.767432,375.7372024
540.852427,540.852427,533.849395,1716300,535.532417,374.8726919
548.602502,551.142488,539.502472,1963000,542.562439,379.7937073
550.00246,554.712521,546.722468,1588000,548.002468,383.6017276
551.622503,553.472487,548.17249,1287500,552.032502,386.4227514
553.002509,555.282504,548.132463,1897400,548.342512,383.8397584
557.59255,558.90254,550.652497,1572600,555.172522,388.6207654
570.50259,572.262605,558.742555,2152200,558.787539,391.1512773
562.562541,574.592603,561.212525,2583200,570.192597,399.1348179
560.432554,562.362529,555.832536,1643800,558.81251,391.168757
561.652513,561.722529,559.052548,2616800,560.362537,392.2537759
559.392531,560.802526,556.147548,1197200,557.992512,390.5947584
552.50248,559.782516,547.002472,2134500,559.502513,391.6517591
551.712472,553.802493,548.002468,1805500,550.842471,385.5897297
550.952514,556.852545,546.002476,1640900,554.512509,388.1587563
553.502476,558.402511,544.222448,1703500,547.322503,383.1257521
553.512513,556.37253,550.462462,1389600,555.512505,388.8587535
555.142533,558.142521,550.682486,1820700,551.182515,385.8277605
564.252539,564.852573,554.732534,1792300,555.012538,388.5087766
566.862541,570.272589,563.537566,1062100,568.852557,398.1967899
574.882583,576.682625,566.762536,1659100,567.687558,397.3812906
575.022616,577.912621,573.412609,1389600,575.332609,402.7328263
571.872619,577.112637,568.012546,1876800,573.372583,401.3608081
570.452587,575.392588,566.522559,1704700,573.64261,401.549827
560.532559,572.152562,558.752531,2129600,571.342601,399.9398207
554.242482,564.712541,552.902503,2410100,558.402511,390.8817577
543.212476,556.142529,541.502464,2311500,555.482516,388.8377612
535.90245,546.222501,535.447406,1825900,543.872489,380.7107423
530.002419,536.792403,528.252381,1005000,536.092424,375.2646968
536.052398,536.441404,529.412422,1457800,531.912381,372.3386667
543.132484,543.75247,535.802444,1444300,538.952441,377.2667087
538.042413,543.11247,538.012424,989100,542.872432,380.0107024
541.402458,545.492471,537.512456,1453000,539.702422,377.7916954
546.83245,550.00246,541.092465,1616800,542.842443,379.9897101
543.352447,549.912491,543.132484,1900300,549.012501,384.3087507
537.252405,544.822482,534.675391,1620200,542.932472,380.0527304
535.302416,538.452412,533.380397,1377700,535.972405,375.1806835
529.302379,537.702431,526.922378,1749800,536.942412,375.8596884
528.002366,532.002411,526.022388,1267700,527.832406,369.4826842
527.64237,537.202402,526.412373,1763500,531.002415,371.7016905
523.792395,528.502395,522.092359,1849700,527.582391,369.3076737
529.2424,532.67442,521.272361,1663600,522.762349,365.9336443
528.002366,533.40243,523.262377,2038600,529.2424,370.46968
531.732383,533.002407,518.552377,2849800,528.482381,369.9376667
515.862322,539.872444,515.522339,5606300,534.522445,374.1657115
511.002313,511.092313,501.202274,4186300,510.6623,357.46361
522.782362,522.992349,510.002318,1683800,510.002318,357.0016226
529.972369,530.702398,518.19232,1904000,518.63237,363.042659
538.532466,539.002444,529.672413,1543700,535.212448,374.6487136
535.592396,542.172453,533.002407,2281700,539.952437,377.9667059
521.482349,536.332401,519.702382,2676900,534.392388,374.0746716
507.252283,519.282346,506.202284,2268700,518.042373,362.6296611
511.002313,512.502307,506.018277,2232000,506.902294,354.8316058
500.012273,508.1923,500.002267,2298200,508.082288,355.6576016
505.572291,505.682303,497.762267,2715800,501.792271,351.2545897
494.652237,503.232286,493.002234,2215500,500.872267,350.6105869
498.842256,502.982272,492.392224,2370400,496.182251,347.3275757
494.942247,495.97823,487.562205,2326700,492.552239,344.7865673
504.7623,504.922285,494.792239,2071300,496.172244,347.3205708
497.992268,503.48227,491.002212,3353500,502.682285,351.8775995
507.002299,507.246285,499.652247,2065000,501.102268,350.7715876
515.002358,516.177334,501.052266,2899900,501.962262,351.3735834
523.262377,524.332389,513.062315,2059800,513.872306,359.7106142
529.012399,531.272382,524.102388,1447500,524.812404,367.3686828
531.252429,532.602384,525.802363,1368200,526.402397,368.4816779
528.092396,531.152424,527.132366,876200,530.422394,371.2956758
532.192385,535.482414,530.013375,2278500,530.332426,371.2326982
528.772422,534.252417,527.312364,1040500,534.032392,373.8226744
530.512424,531.761394,527.022384,705900,528.772422,370.1406954
527.00237,534.56241,526.292354,2197600,530.592416,371.4146912
516.082347,526.462376,516.082347,2723700,524.872383,367.4106681
511.512318,517.722342,506.91328,3690200,516.352313,361.4466191
512.952333,513.872306,504.70229,2926700,511.102319,357.7716233
497.002248,507.002299,496.812244,2883100,504.892295,353.4246065
511.562321,513.052308,489.00222,3964200,495.392242,346.7745694
522.742396,523.102392,513.272333,2813400,513.802351,359.6616457
523.512391,528.502395,518.662359,1994500,518.662359,363.0636513
527.802416,533.922411,527.102376,1610800,528.34241,369.839687
533.082399,536.332401,525.562386,1712200,526.062353,368.2436471
522.142362,534.192438,520.502366,1871300,533.37244,373.360708
527.132366,531.002415,523.792395,2329300,526.982357,368.8876499
531.002415,532.892425,524.282386,2565600,525.262369,367.6836583
531.1624,537.342434,528.592363,1392100,537.312445,376.1187115
531.442404,535.998416,529.262414,1277900,531.322384,371.9256688
533.512412,535.502427,529.802408,1526600,533.752389,373.6266723
538.902438,541.412434,531.862379,2115300,533.802391,373.6616737
540.622426,542.002431,536.602429,1148300,541.832471,379.2827297
540.882478,541.552467,537.044437,1522900,540.372473,378.2607311
539.002444,543.982471,538.60444,1789900,541.082428,378.7576996
537.652428,542.702471,535.622446,1706300,539.272471,377.4907297
541.612446,542.142464,536.562402,2224200,537.502419,376.2516933
531.252429,535.112442,531.082408,1563300,534.832438,374.3827066
535.002399,538.242425,530.082412,1392200,536.992415,375.8946905
537.502419,541.942452,534.172425,1962600,535.032449,374.5227143
543.582448,543.792436,534.063422,1726000,536.512399,375.5586793
546.682503,546.682503,542.15244,1289500,544.402446,381.0817122
549.80251,549.80251,543.482442,1339300,545.38249,381.767743
550.392507,550.462462,545.172441,1129600,547.312465,383.1187255
548.492459,551.942473,546.302493,965500,550.292501,385.2047507
541.462437,549.592461,541.022449,1134600,547.492463,383.2447241
546.212464,546.212464,538.672437,1633700,541.012473,378.7087311
545.502448,546.887472,540.972446,1333200,542.042458,379.4297206
556.802542,556.802542,544.052487,2032200,545.922484,382.1457388
553.002509,555.502529,549.302481,1244200,554.112486,387.8787402
555.502529,557.902544,553.23251,1382200,555.222525,388.6557675
559.352504,559.572529,554.752486,2035000,559.082538,391.3577766
548.952461,552.802497,543.512432,1455600,550.312514,385.2187598
550.00246,554.192479,546.982459,1770500,549.33247,384.532729
543.002488,548.982512,541.622422,1270900,548.902458,384.2317206
537.032441,544.412483,537.032441,1185300,540.772435,378.5407045
544.36248,544.882461,535.792407,1973100,539.782415,377.8476905
539.322413,547.222497,535.852447,2348800,543.982471,380.7877297
529.892376,539.802428,528.802412,2919200,532.712427,372.8986989
525.192353,526.792383,519.112324,2336200,526.542369,368.5796583
509.452317,521.762353,508.102301,2607500,520.842349,364.5896443
527.252385,530.982402,508.532313,5539300,511.172305,357.8206135
519.002342,529.432374,515.002358,3708500,524.512387,367.1586709
531.012391,532.802396,518.302363,3719300,530.032409,371.0226863
538.902438,547.192507,533.172429,2222500,537.942408,376.5596856
544.992443,549.502492,533.102413,2581600,533.212394,373.2486758
557.722546,565.132577,544.052487,3081900,544.492476,381.1447332
571.182555,571.49261,559.062524,2524800,560.882518,392.6177626
565.572566,573.882587,557.492545,1990800,572.502582,400.7518074
574.402629,575.27263,563.742534,1911300,563.742534,394.6197738
578.802636,581.002639,574.442595,1214600,577.352614,404.1468298
573.052613,577.227637,572.502582,1141700,575.282606,402.6978242
567.312567,571.912585,563.322559,1178400,570.082554,399.0577878
576.012635,577.582615,567.01255,1445400,568.272597,397.7908179
576.932639,579.852634,572.852602,1621700,577.36259,404.153813
571.7526,578.192625,571.172579,1282400,576.362594,403.4538158
576.062638,579.2526,574.662619,1443600,577.1026,403.97182
587.552646,587.982658,574.182604,1925900,575.062581,402.5438067
581.462641,589.632691,580.522624,1728100,587.992634,411.5948438
586.852667,586.852667,581.002639,1471400,581.132634,406.7928438
593.82271,593.951665,583.462632,1689500,587.372648,411.1608536
591.502688,596.482715,589.502696,3736600,596.082692,417.2578844
587.002675,589.542661,585.002622,1444500,589.272695,412.4908865
580.012619,587.522656,578.777604,1692800,584.772622,409.3408354
572.762572,581.502606,572.662566,1480300,579.95264,405.966848
572.94257,574.952599,568.212557,1597500,573.102616,401.1718312
581.002639,581.642639,574.462608,1601600,575.622589,402.9358123
580.362639,581.812661,576.262588,1221000,581.352659,406.9468613
581.502606,583.502659,576.942615,977300,583.102636,408.1718452
588.902662,589.002667,580.002643,1287200,581.012615,406.7088305
586.602653,591.772654,586.302635,1431000,589.722659,412.8058613
583.982613,586.55265,581.952632,1632300,586.082672,410.2578704
580.002643,586.00268,579.222611,1458100,581.982621,407.3878347
580.002643,582.992655,575.002602,1215100,577.942611,404.5598277
571.852606,577.832629,571.192593,1578400,577.332601,404.1328207
571.332564,572.04258,567.07155,1083700,571.602592,400.1218144
569.562573,573.252625,567.102579,1292900,569.202577,398.4418039
577.272622,578.492642,570.105566,1703300,571.002557,399.7017899
581.262629,581.802623,576.582619,1639600,577.862619,404.5038333
584.722619,585.002622,579.002647,1361400,580.202654,406.1418578
583.592628,585.238621,580.642643,789000,582.562642,407.7938494
583.822628,584.502655,581.14261,914800,583.372664,408.3608648
585.88266,586.702658,582.572618,1036700,584.492618,409.1448326
585.002622,587.342658,584.002627,978600,586.862643,410.8038501
576.11258,584.512631,576.002598,1284100,582.162619,407.5138333
577.862619,579.382595,570.522603,1519100,573.482626,401.4378382
576.182596,577.902645,570.882599,985400,574.652582,402.2568074
567.312567,575.002602,565.752564,1439200,574.782577,402.3478039
564.522567,565.902572,560.882518,1542000,562.732562,393.9127934
569.992585,570.492553,566.002578,1214700,567.882551,397.5177857
563.562536,570.252576,560.352561,1494700,568.772565,398.1407955
568.00257,569.89258,561.102543,1110900,563.362525,394.3537675
561.782569,570.702601,560.002541,1334300,566.376589,396.4636123
570.052564,571.982601,562.612543,1551200,565.072537,395.5507759
569.042592,575.352622,564.102531,1427300,573.152619,401.2068333
570.402584,575.962633,562.85252,1955200,566.072533,396.2507731
580.602616,583.652668,570.002561,2102700,571.602592,400.1218144
586.55265,589.502696,584.002627,1016400,587.42265,411.195855
588.752653,589.702646,583.517654,1349800,585.612633,409.9288431
588.072688,592.502683,584.755668,986800,590.602697,413.4218879
590.402686,591.862684,587.032665,932400,589.022681,412.3158767
596.452725,599.502716,591.772654,1035100,593.352671,415.3468697
593.232713,597.852683,592.502683,1233100,595.982686,417.1878802
590.722655,599.652725,590.602697,1699100,594.742713,416.3198991
591.752702,594.40267,585.235622,2062100,589.472645,412.6308515
593.002712,596.802684,582.002635,4014100,595.082696,416.5578872
579.532604,580.992601,568.61258,3016500,573.732579,401.6128053
588.002671,588.402633,582.202646,1397100,582.662648,407.8638536
585.742628,585.807626,576.562606,1623000,584.782659,409.3478613
582.602608,585.212671,578.032641,1854000,584.872627,409.4108389
571.912585,580.85263,571.422594,1621700,579.182645,405.4278515
565.912548,576.592595,565.012558,1356700,571.102563,399.7717941
571.582578,576.72259,569.378597,1116700,576.08259,403.257813
577.662607,579.530645,566.137592,1909500,571.092587,399.7648109
583.76265,586.432631,579.592644,1064600,582.252649,407.5768543
583.352651,585.01266,580.922646,714100,584.732656,409.3128592
583.352651,585.442672,580.392628,1056300,582.33766,407.636362
578.32262,584.402649,576.652635,1447900,582.672624,407.8708368
578.662603,579.572631,574.752588,1313700,575.282606,402.6978242
577.182592,579.872648,573.802595,2236900,577.242632,404.0698424
581.002639,582.45266,571.852606,1741900,576.002598,403.2018186
565.262572,579.962616,565.222546,1969300,578.652627,405.0568389
565.192556,572.648612,561.012513,2207100,564.622572,395.2358004
555.152509,565.002582,554.252519,1536800,564.952579,395.4668053
556.852545,557.582513,550.394465,4508300,556.362492,389.4537444
554.242482,555.0025,548.512473,2456800,554.902495,388.4317465
544.862448,553.562516,544.002484,1741700,553.372481,387.3607367
544.202435,545.32245,539.33245,1444500,543.012465,380.1087255
549.262515,549.622511,541.522477,1702500,544.282488,380.9977416
552.262503,552.30253,545.562488,1220500,551.762475,386.2337325
557.302509,557.992512,548.46247,1458400,551.352476,385.9467332
558.002549,559.882522,555.022514,1100100,558.842499,391.1897493
560.512546,563.602563,557.902544,1351700,560.552511,392.3867577
557.152501,562.902523,556.042523,1467500,562.122552,393.4857864
558.062528,558.062528,548.932509,1736700,556.332503,389.4327521
546.402499,554.952498,544.452449,1689100,553.902499,387.7317493
541.502464,548.612478,538.752429,1816400,544.662436,381.2637052
550.99248,552.342495,542.552463,1866600,544.94244,381.459708
560.70252,560.902531,545.732448,1435000,553.932488,387.7527416
560.802526,561.352557,555.912528,1771100,559.892559,391.9247913
563.352549,564.002525,558.712504,1354100,560.082534,392.0577738
564.57257,567.842585,561.002537,1652000,561.682564,393.1777948
556.002496,566.002578,554.352525,2104100,565.952575,396.1668025
547.262462,553.642508,543.702467,1932100,552.702492,386.8917444
541.132431,547.602506,540.782472,1615800,545.062459,381.5437213
532.902401,539.185441,531.912381,1196200,538.942465,377.2597255
529.742368,536.232457,526.302392,1784700,529.772418,370.8406926
519.702382,529.782394,517.58537,1277700,528.862391,370.2036737
521.39238,521.802379,515.442347,1485200,520.632362,364.4426534
525.702357,525.872379,517.422325,1704300,519.982324,363.9876268
533.002407,533.002407,525.292358,1191700,526.652412,368.6566884
530.892433,536.072411,529.512367,1653400,533.092437,373.1647059
523.512391,530.192393,519.012379,1912500,529.922427,370.9456989
510.752299,519.902332,504.202292,2439400,518.732375,363.1126625
508.462297,517.232351,506.452298,2021300,511.002313,357.7016191
515.792305,516.68232,503.302272,3224300,509.962321,356.9736247
525.232379,526.812396,515.062337,1689000,515.14233,360.599631
524.822381,528.902418,521.322364,1024100,527.812392,369.4686744
533.762426,534.002403,525.612389,1688500,527.932411,369.5526877
527.112413,532.932391,523.882364,1905500,531.352435,371.9467045
527.602405,528.002366,522.522372,1751100,526.662388,368.6636716
516.902344,529.462425,516.322324,2699000,527.70241,369.391687
517.182348,518.602319,502.802274,3335500,517.152359,362.0066513
522.512395,524.702361,515.422333,2100300,516.182352,361.3276464
530.072374,531.652391,522.122349,1883100,525.162363,367.6136541
533.792415,533.872408,526.252389,2052300,526.942391,368.8596737
528.642366,537.232453,527.512375,2365300,534.812425,374.3686975
536.1024,536.702435,525.602352,2566700,528.622414,370.0356898
548.81249,549.502492,531.152424,6809500,536.1024,375.27168
543.002488,557.002492,540.00244,4893200,556.54249,389.579743
536.822454,538.452412,518.462348,3855000,536.442444,375.5097108
538.252462,544.10249,529.56237,2575000,532.522392,372.7656744
532.552381,540.00244,526.532392,3924800,530.602392,371.4216744
565.002582,565.002582,539.902434,4036800,540.952433,378.6667031
559.622532,565.372554,552.952506,3330800,564.142557,394.8997899
542.602466,555.0025,541.612446,3151200,554.902495,388.4317465
540.742445,548.482483,527.152379,4401600,538.152456,376.7067192
574.652582,577.772589,543.002488,6369300,543.14246,380.199722
569.852553,587.282679,564.132581,5099100,569.742571,398.8197997
599.992707,604.832763,562.192568,147100,567.002574,396.9018018
558.712504,568.452595,558.712504,7900,567.162558,397.0137906
566.892592,567.002574,556.932537,10800,556.972503,389.8807521
561.202549,566.43259,558.672539,41200,559.992565,391.9947955
568.00257,568.00257,552.922516,13100,558.462551,390.9237857
